/*
 Navicat Premium Data Transfer

 Source Server         : local
 Source Server Type    : MySQL
 Source Server Version : 80027 (8.0.27)
 Source Host           : localhost:3306
 Source Schema         : bear_picture_test

 Target Server Type    : MySQL
 Target Server Version : 80027 (8.0.27)
 File Encoding         : 65001

 Date: 30/10/2025 17:07:02
*/

SET NAMES utf8mb4;
SET FOREIGN_KEY_CHECKS = 0;

-- ----------------------------
-- Table structure for category
-- ----------------------------
DROP TABLE IF EXISTS `category`;
CREATE TABLE `category`  (
  `id` bigint UNSIGNED NOT NULL AUTO_INCREMENT COMMENT '主键 ID',
  `name` varchar(128) CHARACTER SET utf8mb4 COLLATE utf8mb4_unicode_ci NOT NULL COMMENT '名称',
  `parentId` bigint UNSIGNED NULL DEFAULT 0 COMMENT '父分类 ID（0-表示顶层分类）',
  `useNum` int NOT NULL DEFAULT 0 COMMENT '使用数量',
  `userId` bigint NOT NULL COMMENT '创建用户 ID',
  `isDelete` tinyint NOT NULL DEFAULT 0 COMMENT '是否删除（0-正常, 1-删除）',
  `editTime` datetime NOT NULL DEFAULT CURRENT_TIMESTAMP COMMENT '编辑时间',
  `createTime` datetime NOT NULL DEFAULT CURRENT_TIMESTAMP COMMENT '创建时间',
  `updateTime` datetime NOT NULL DEFAULT CURRENT_TIMESTAMP ON UPDATE CURRENT_TIMESTAMP COMMENT '更新时间',
  PRIMARY KEY (`id`) USING BTREE,
  INDEX `idx_name`(`name` ASC) USING BTREE
) ENGINE = InnoDB AUTO_INCREMENT = 1975444793634848771 CHARACTER SET = utf8mb4 COLLATE = utf8mb4_unicode_ci COMMENT = '分类表' ROW_FORMAT = Dynamic;

-- ----------------------------
-- Records of category
-- ----------------------------
INSERT INTO `category` VALUES (1970882006241812481, '动漫111', 0, 0, 1903666604296863745, 1, '2025-09-25 00:04:22', '2025-09-25 00:04:22', '2025-09-25 00:04:41');
INSERT INTO `category` VALUES (1970882032598818817, '表情包', 0, 0, 1903666604296863745, 0, '2025-09-25 00:04:28', '2025-09-25 00:04:28', '2025-09-25 00:04:28');
INSERT INTO `category` VALUES (1970882071366770689, '风景a 2', 0, 0, 1903666604296863745, 1, '2025-09-25 00:04:37', '2025-09-25 00:04:37', '2025-09-25 10:05:37');
INSERT INTO `category` VALUES (1970882133400526850, '游戏', 0, 0, 1903666604296863745, 0, '2025-09-25 00:04:52', '2025-09-25 00:04:52', '2025-09-26 17:17:59');
INSERT INTO `category` VALUES (1970883628724396033, '动漫', 0, 0, 1903666604296863745, 0, '2025-09-25 00:10:48', '2025-09-25 00:10:48', '2025-09-26 17:18:05');
INSERT INTO `category` VALUES (1971504643112562689, '壁纸', 0, 0, 1903666604296863745, 0, '2025-09-26 17:18:30', '2025-09-26 17:18:30', '2025-09-26 17:28:21');
INSERT INTO `category` VALUES (1971879215594758146, '头像', 0, 0, 1903666604296863745, 0, '2025-09-27 18:06:55', '2025-09-27 18:06:55', '2025-09-27 18:06:55');
INSERT INTO `category` VALUES (1975444793634848770, '影视', 0, 0, 1903666604296863745, 0, '2025-10-07 14:15:15', '2025-10-07 14:15:15', '2025-10-07 14:15:15');

-- ----------------------------
-- Table structure for download_logs
-- ----------------------------
DROP TABLE IF EXISTS `download_logs`;
CREATE TABLE `download_logs`  (
  `id` bigint NOT NULL AUTO_INCREMENT,
  `user_id` bigint NOT NULL,
  `file_id` bigint NOT NULL,
  `downloaded_at` timestamp NULL DEFAULT CURRENT_TIMESTAMP,
  `space_id` bigint NULL DEFAULT NULL COMMENT '空间 id（为 null 表示公共图库）',
  PRIMARY KEY (`id`) USING BTREE
) ENGINE = InnoDB AUTO_INCREMENT = 48 CHARACTER SET = utf8mb4 COLLATE = utf8mb4_0900_ai_ci ROW_FORMAT = Dynamic;

-- ----------------------------
-- Records of download_logs
-- ----------------------------
INSERT INTO `download_logs` VALUES (27, 1903666604296863745, 1980661457469161474, '2025-10-21 23:45:08', NULL);
INSERT INTO `download_logs` VALUES (28, 1903666604296863745, 1980661454994522114, '2025-10-21 23:45:19', NULL);
INSERT INTO `download_logs` VALUES (29, 1903666604296863745, 1980661455124545537, '2025-10-21 23:45:27', NULL);
INSERT INTO `download_logs` VALUES (30, 1903666604296863745, 1980661455317483522, '2025-10-21 23:45:40', NULL);
INSERT INTO `download_logs` VALUES (31, 1903666604296863745, 1980661455187460098, '2025-10-21 23:45:59', NULL);
INSERT INTO `download_logs` VALUES (32, 1903666604296863745, 1980661456361865217, '2025-10-21 23:46:10', NULL);
INSERT INTO `download_logs` VALUES (33, 1903666604296863745, 1980661447595769858, '2025-10-21 23:46:16', NULL);
INSERT INTO `download_logs` VALUES (34, 1903666604296863745, 1980661455644639233, '2025-10-21 23:46:23', NULL);
INSERT INTO `download_logs` VALUES (35, 1903666604296863745, 1980661456877764610, '2025-10-21 23:46:38', NULL);
INSERT INTO `download_logs` VALUES (36, 1903666604296863745, 1980814429486374913, '2025-10-22 10:04:02', 1979054246032621569);
INSERT INTO `download_logs` VALUES (37, 1903666604296863745, 1980981899471892482, '2025-10-23 23:19:54', NULL);
INSERT INTO `download_logs` VALUES (38, 1903666604296863745, 1980981900063289346, '2025-10-23 23:20:07', NULL);
INSERT INTO `download_logs` VALUES (39, 1903666604296863745, 1981743441092128770, '2025-10-24 23:23:55', NULL);
INSERT INTO `download_logs` VALUES (40, 1903666604296863745, 1981743432149872642, '2025-10-24 23:29:32', NULL);
INSERT INTO `download_logs` VALUES (41, 1903666604296863745, 1982016089365700609, '2025-10-25 17:27:28', 1982016020667195393);
INSERT INTO `download_logs` VALUES (42, 1903666604296863745, 1983805436897382401, '2025-10-30 15:57:42', NULL);
INSERT INTO `download_logs` VALUES (43, 1983805658390188034, 1983805436897382401, '2025-10-30 15:58:39', NULL);
INSERT INTO `download_logs` VALUES (44, 1983805658390188034, 1983805432199761922, '2025-10-30 15:58:46', NULL);
INSERT INTO `download_logs` VALUES (45, 1983805658390188034, 1983805433751654401, '2025-10-30 15:58:59', NULL);
INSERT INTO `download_logs` VALUES (46, 1983805658390188034, 1983805434678595585, '2025-10-30 15:59:08', NULL);
INSERT INTO `download_logs` VALUES (47, 1983805658390188034, 1983805435911720961, '2025-10-30 15:59:15', NULL);

-- ----------------------------
-- Table structure for picture
-- ----------------------------
DROP TABLE IF EXISTS `picture`;
CREATE TABLE `picture`  (
  `id` bigint NOT NULL AUTO_INCREMENT COMMENT 'id',
  `url` varchar(512) CHARACTER SET utf8mb4 COLLATE utf8mb4_unicode_ci NOT NULL COMMENT '图片 url',
  `name` varchar(128) CHARACTER SET utf8mb4 COLLATE utf8mb4_unicode_ci NOT NULL COMMENT '图片名称',
  `introduction` varchar(512) CHARACTER SET utf8mb4 COLLATE utf8mb4_unicode_ci NULL DEFAULT NULL COMMENT '简介',
  `category` varchar(64) CHARACTER SET utf8mb4 COLLATE utf8mb4_unicode_ci NULL DEFAULT NULL COMMENT '分类',
  `tags` varchar(512) CHARACTER SET utf8mb4 COLLATE utf8mb4_unicode_ci NULL DEFAULT NULL COMMENT '标签（JSON 数组）',
  `picSize` bigint NULL DEFAULT NULL COMMENT '图片体积',
  `picWidth` int NULL DEFAULT NULL COMMENT '图片宽度',
  `picHeight` int NULL DEFAULT NULL COMMENT '图片高度',
  `picScale` double NULL DEFAULT NULL COMMENT '图片宽高比例',
  `picFormat` varchar(32) CHARACTER SET utf8mb4 COLLATE utf8mb4_unicode_ci NULL DEFAULT NULL COMMENT '图片格式',
  `userId` bigint NOT NULL COMMENT '创建用户 id',
  `createTime` datetime NOT NULL DEFAULT CURRENT_TIMESTAMP COMMENT '创建时间',
  `editTime` datetime NOT NULL DEFAULT CURRENT_TIMESTAMP COMMENT '编辑时间',
  `updateTime` datetime NOT NULL DEFAULT CURRENT_TIMESTAMP ON UPDATE CURRENT_TIMESTAMP COMMENT '更新时间',
  `isDelete` tinyint NOT NULL DEFAULT 0 COMMENT '是否删除',
  `reviewStatus` int NOT NULL DEFAULT 0 COMMENT '审核状态：0-待审核; 1-通过; 2-拒绝',
  `reviewMessage` varchar(512) CHARACTER SET utf8mb4 COLLATE utf8mb4_unicode_ci NULL DEFAULT NULL COMMENT '审核信息',
  `reviewerId` bigint NULL DEFAULT NULL COMMENT '审核人 ID',
  `reviewTime` datetime NULL DEFAULT NULL COMMENT '审核时间',
  `thumbnailUrl` varchar(512) CHARACTER SET utf8mb4 COLLATE utf8mb4_unicode_ci NULL DEFAULT NULL COMMENT '缩略图 url',
  `spaceId` bigint NULL DEFAULT NULL COMMENT '空间 id（为空表示公共空间）',
  `picColor` varchar(16) CHARACTER SET utf8mb4 COLLATE utf8mb4_unicode_ci NULL DEFAULT NULL COMMENT '图片主色调',
  `categoryId` bigint NULL DEFAULT NULL COMMENT '分类 ID',
  `resourceStatus` tinyint NOT NULL DEFAULT 0 COMMENT '资源状态（0-存在 COS, 1-不存在 COS）',
  `viewQuantity` int NOT NULL DEFAULT 0 COMMENT '查看数量',
  `likeQuantity` int NOT NULL DEFAULT 0 COMMENT '点赞数量',
  `collectQuantity` int NOT NULL DEFAULT 0 COMMENT '收藏数量',
  `downloadQuantity` int NOT NULL DEFAULT 0 COMMENT '下载数量',
  `shareQuantity` int NOT NULL DEFAULT 0 COMMENT '分享数量',
  `isShare` tinyint NOT NULL DEFAULT 0 COMMENT '是否分享（0-分享, 1-不分享）',
  `expandStatus` tinyint NOT NULL DEFAULT 0 COMMENT '扩图状态（0-普通图片, 1-扩图图片, 2-扩图成功后的图片）',
  `recommendScore` decimal(10, 4) NOT NULL DEFAULT 0.0000 COMMENT '推荐综合得分',
  PRIMARY KEY (`id`) USING BTREE,
  INDEX `idx_name`(`name` ASC) USING BTREE,
  INDEX `idx_introduction`(`introduction` ASC) USING BTREE,
  INDEX `idx_category`(`category` ASC) USING BTREE,
  INDEX `idx_tags`(`tags` ASC) USING BTREE,
  INDEX `idx_userId`(`userId` ASC) USING BTREE,
  INDEX `idx_reviewStatus`(`reviewStatus` ASC) USING BTREE,
  INDEX `idx_spaceId`(`spaceId` ASC) USING BTREE
) ENGINE = InnoDB AUTO_INCREMENT = 1983805436897382402 CHARACTER SET = utf8mb4 COLLATE = utf8mb4_unicode_ci COMMENT = '图片' ROW_FORMAT = DYNAMIC;

-- ----------------------------
-- Records of picture
-- ----------------------------
INSERT INTO `picture` VALUES (1981743204512411649, '/images/public/1903666604296863745/2025-10-24_MG68CiY2L8hHvkbE.png', '2025-10-05_GRgYKp1k0Dr4O32d.png', NULL, NULL, NULL, 401868, 1488, 1753, NULL, 'png', 1903666604296863745, '2025-10-24 23:22:53', '2025-10-24 23:22:53', '2025-10-24 23:23:32', 1, 1, '管理员自动过审', 1903666604296863745, '2025-10-24 23:22:54', NULL, NULL, NULL, NULL, 0, 0, 0, 0, 0, 0, 0, 0, 0.0000);
INSERT INTO `picture` VALUES (1981743211261046786, '/images/public/1903666604296863745/2025-10-24_1WPB1RiKvbuZluV6.jpg', '2025-09-13_Wm918QgkO11ynCyy.jpg', NULL, NULL, NULL, 746885, 3342, 1411, NULL, 'jpg', 1903666604296863745, '2025-10-24 23:22:55', '2025-10-24 23:22:55', '2025-10-24 23:23:32', 1, 1, '管理员自动过审', 1903666604296863745, '2025-10-24 23:22:55', NULL, NULL, NULL, NULL, 0, 0, 0, 0, 0, 0, 0, 0, 0.0000);
INSERT INTO `picture` VALUES (1981743211323961346, '/images/public/1903666604296863745/2025-10-24_dSknQKrTlbFuGFKj.jpg', '微信图片_20250919231616_3_2.jpg', NULL, NULL, NULL, 69856, 1106, 1067, NULL, 'jpg', 1903666604296863745, '2025-10-24 23:22:55', '2025-10-24 23:22:55', '2025-10-24 23:23:32', 1, 1, '管理员自动过审', 1903666604296863745, '2025-10-24 23:22:55', NULL, NULL, NULL, NULL, 0, 0, 0, 0, 0, 0, 0, 0, 0.0000);
INSERT INTO `picture` VALUES (1981743211386875906, '/images/public/1903666604296863745/2025-10-24_nscEyEJ8toZFRkfv.jpg', '微信图片_20250919231614_1_2.jpg', NULL, NULL, NULL, 8785, 145, 286, NULL, 'jpg', 1903666604296863745, '2025-10-24 23:22:55', '2025-10-24 23:22:55', '2025-10-24 23:23:32', 1, 1, '管理员自动过审', 1903666604296863745, '2025-10-24 23:22:55', NULL, NULL, NULL, NULL, 0, 0, 0, 0, 0, 0, 0, 0, 0.0000);
INSERT INTO `picture` VALUES (1981743211588202497, '/images/public/1903666604296863745/2025-10-24_cdh0oksaIFyY4aMm.jpg', '微信图片_20250919231615_2_2.jpg', NULL, NULL, NULL, 140610, 1024, 970, NULL, 'jpg', 1903666604296863745, '2025-10-24 23:22:55', '2025-10-24 23:22:55', '2025-10-24 23:23:32', 1, 1, '管理员自动过审', 1903666604296863745, '2025-10-24 23:22:55', NULL, NULL, NULL, NULL, 0, 0, 0, 0, 0, 0, 0, 0, 0.0000);
INSERT INTO `picture` VALUES (1981743211915358209, '/images/public/1903666604296863745/2025-10-24_SeuudVgMmlz04xX5.png', 'Snipaste_2025-09-29_23-55-42.png', NULL, NULL, NULL, 1123297, 801, 808, NULL, 'png', 1903666604296863745, '2025-10-24 23:22:55', '2025-10-24 23:22:55', '2025-10-24 23:23:32', 1, 1, '管理员自动过审', 1903666604296863745, '2025-10-24 23:22:55', NULL, NULL, NULL, NULL, 0, 0, 0, 0, 0, 0, 0, 0, 0.0000);
INSERT INTO `picture` VALUES (1981743212632584194, '/images/public/1903666604296863745/2025-10-24_U7aKm8ri5tYm3q2d.png', 'Snipaste_2025-09-30_00-17-49.png', NULL, NULL, NULL, 766774, 2549, 1431, NULL, 'png', 1903666604296863745, '2025-10-24 23:22:55', '2025-10-24 23:22:55', '2025-10-24 23:23:32', 1, 1, '管理员自动过审', 1903666604296863745, '2025-10-24 23:22:56', NULL, NULL, NULL, NULL, 0, 0, 0, 0, 0, 0, 0, 0, 0.0000);
INSERT INTO `picture` VALUES (1981743213341421569, '/images/public/1903666604296863745/2025-10-24_OnY1NRDFvpVi10d4.png', '2025-09-18_FpM3NTt5EYeeyI8V.png', NULL, NULL, NULL, 1387133, 1143, 1134, NULL, 'png', 1903666604296863745, '2025-10-24 23:22:55', '2025-10-24 23:22:55', '2025-10-24 23:23:32', 1, 1, '管理员自动过审', 1903666604296863745, '2025-10-24 23:22:56', NULL, NULL, NULL, NULL, 0, 0, 0, 0, 0, 0, 0, 0, 0.0000);
INSERT INTO `picture` VALUES (1981743213857320962, '/images/public/1903666604296863745/2025-10-24_nWngx75vxJ4Dd17B.png', 'Snipaste_2025-09-25_13-04-29.png', NULL, NULL, NULL, 1222803, 1604, 907, NULL, 'png', 1903666604296863745, '2025-10-24 23:22:55', '2025-10-24 23:22:55', '2025-10-24 23:23:32', 1, 1, '管理员自动过审', 1903666604296863745, '2025-10-24 23:22:56', NULL, NULL, NULL, NULL, 0, 0, 0, 0, 0, 0, 0, 0, 0.0000);
INSERT INTO `picture` VALUES (1981743214318694401, '/images/public/1903666604296863745/2025-10-24_2wTe9GbOCwR4yWSM.jpg', '638f2e80960665b44af3eb2eed30cef1.jpg', NULL, NULL, NULL, 46052, 640, 640, NULL, 'jpg', 1903666604296863745, '2025-10-24 23:22:55', '2025-10-24 23:22:55', '2025-10-24 23:23:32', 1, 1, '管理员自动过审', 1903666604296863745, '2025-10-24 23:22:56', NULL, NULL, NULL, NULL, 0, 0, 0, 0, 0, 0, 0, 0, 0.0000);
INSERT INTO `picture` VALUES (1981743432149872642, '/images/public/1903666604296863745/2025-10-24_g7kzOYSGNNWwSLAF.jpg', '638f2e80960665b44af3eb2eed30cef1.jpg', NULL, NULL, NULL, 46052, 640, 640, NULL, 'jpg', 1903666604296863745, '2025-10-24 23:23:47', '2025-10-24 23:23:47', '2025-10-30 14:52:04', 1, 1, '管理员自动过审', 1903666604296863745, '2025-10-24 23:23:48', NULL, NULL, NULL, NULL, 0, 0, 0, 0, 0, 0, 0, 0, 0.0000);
INSERT INTO `picture` VALUES (1981743434129584130, '/images/public/1903666604296863745/2025-10-24_M7sjRR0NICqITale.png', '2025-10-05_GRgYKp1k0Dr4O32d.png', NULL, NULL, NULL, 401868, 1488, 1753, NULL, 'png', 1903666604296863745, '2025-10-24 23:23:48', '2025-10-24 23:23:48', '2025-10-30 14:52:04', 1, 1, '管理员自动过审', 1903666604296863745, '2025-10-24 23:23:48', NULL, NULL, NULL, NULL, 0, 0, 0, 0, 0, 0, 0, 0, 0.0000);
INSERT INTO `picture` VALUES (1981743439582179330, '/images/public/1903666604296863745/2025-10-24_VwjMcScs43lM5sjG.jpg', '2025-09-13_Wm918QgkO11ynCyy.jpg', NULL, NULL, NULL, 746885, 3342, 1411, NULL, 'jpg', 1903666604296863745, '2025-10-24 23:23:49', '2025-10-24 23:23:49', '2025-10-30 14:52:04', 1, 1, '管理员自动过审', 1903666604296863745, '2025-10-24 23:23:50', NULL, NULL, NULL, NULL, 0, 0, 0, 0, 0, 0, 0, 0, 0.0000);
INSERT INTO `picture` VALUES (1981743439708008450, '/images/public/1903666604296863745/2025-10-24_984vJLUWXB6eCtiK.jpg', '微信图片_20250919231616_3_2.jpg', NULL, NULL, NULL, 69856, 1106, 1067, NULL, 'jpg', 1903666604296863745, '2025-10-24 23:23:49', '2025-10-24 23:23:49', '2025-10-30 14:52:04', 1, 1, '管理员自动过审', 1903666604296863745, '2025-10-24 23:23:50', NULL, NULL, NULL, NULL, 0, 0, 0, 0, 0, 0, 0, 0, 0.0000);
INSERT INTO `picture` VALUES (1981743439775117313, '/images/public/1903666604296863745/2025-10-24_qaxIevEHJm5iCT1Y.jpg', '微信图片_20250919231614_1_2.jpg', NULL, NULL, NULL, 8785, 145, 286, NULL, 'jpg', 1903666604296863745, '2025-10-24 23:23:49', '2025-10-24 23:23:49', '2025-10-30 14:52:04', 1, 1, '管理员自动过审', 1903666604296863745, '2025-10-24 23:23:50', NULL, NULL, NULL, NULL, 0, 0, 0, 0, 0, 0, 0, 0, 0.0000);
INSERT INTO `picture` VALUES (1981743439846420481, '/images/public/1903666604296863745/2025-10-24_SBrDxUIxpMyykhDE.jpg', '微信图片_20250919231615_2_2.jpg', NULL, NULL, NULL, 140610, 1024, 970, NULL, 'jpg', 1903666604296863745, '2025-10-24 23:23:49', '2025-10-24 23:23:49', '2025-10-30 14:52:04', 1, 1, '管理员自动过审', 1903666604296863745, '2025-10-24 23:23:50', NULL, NULL, NULL, NULL, 0, 0, 0, 0, 0, 0, 0, 0, 0.0000);
INSERT INTO `picture` VALUES (1981743440244879362, '/images/public/1903666604296863745/2025-10-24_ZJWIwe0l676gUO99.png', 'Snipaste_2025-09-29_23-55-42.png', NULL, NULL, NULL, 1123297, 801, 808, NULL, 'png', 1903666604296863745, '2025-10-24 23:23:49', '2025-10-24 23:23:49', '2025-10-30 14:52:04', 1, 1, '管理员自动过审', 1903666604296863745, '2025-10-24 23:23:50', NULL, NULL, NULL, NULL, 0, 0, 0, 0, 0, 0, 0, 0, 0.0000);
INSERT INTO `picture` VALUES (1981743441092128770, '/images/public/1903666604296863745/2025-10-24_l47694tXE30euu7y.png', 'Snipaste_2025-09-30_00-17-49.png', NULL, NULL, NULL, 766774, 2549, 1431, NULL, 'png', 1903666604296863745, '2025-10-24 23:23:50', '2025-10-24 23:23:50', '2025-10-30 14:52:04', 1, 1, '管理员自动过审', 1903666604296863745, '2025-10-24 23:23:50', NULL, NULL, NULL, NULL, 0, 0, 0, 0, 0, 0, 0, 0, 0.0000);
INSERT INTO `picture` VALUES (1981743441679331329, '/images/public/1903666604296863745/2025-10-24_hbe1alKfrflAjRwv.png', '2025-09-18_FpM3NTt5EYeeyI8V.png', NULL, NULL, NULL, 1387133, 1143, 1134, NULL, 'png', 1903666604296863745, '2025-10-24 23:23:50', '2025-10-24 23:23:50', '2025-10-30 14:52:04', 1, 1, '管理员自动过审', 1903666604296863745, '2025-10-24 23:23:50', NULL, NULL, NULL, NULL, 0, 0, 0, 0, 0, 0, 0, 0, 0.0000);
INSERT INTO `picture` VALUES (1981743442207813634, '/images/public/1903666604296863745/2025-10-24_55L9EIN8HbeyIE1U.png', 'Snipaste_2025-09-25_13-04-29.png', NULL, NULL, NULL, 1222803, 1604, 907, NULL, 'png', 1903666604296863745, '2025-10-24 23:23:50', '2025-10-24 23:23:50', '2025-10-30 14:52:04', 1, 1, '管理员自动过审', 1903666604296863745, '2025-10-24 23:23:50', NULL, NULL, NULL, NULL, 0, 0, 0, 0, 0, 0, 0, 0, 0.0000);
INSERT INTO `picture` VALUES (1981751135068860418, '/images/public/1903666604296863745/2025-10-24_5G5VrHpwm224aisj.jpg', '580cfc159dea9554bbfca775a59b2d2b.jpg', NULL, NULL, NULL, 85875, 736, 1103, NULL, 'jpg', 1903666604296863745, '2025-10-24 23:54:24', '2025-10-24 23:54:24', '2025-10-30 14:52:04', 1, 1, '管理员自动过审', 1903666604296863745, '2025-10-24 23:54:24', NULL, NULL, NULL, NULL, 0, 0, 0, 0, 0, 0, 0, 0, 0.0000);
INSERT INTO `picture` VALUES (1981751225946845185, '/images/public/1903666604296863745/2025-10-24_SKyfL5UxxFLzIGhM.png', 'Snipaste_2025-10-08_21-42-24.png', NULL, NULL, NULL, 1220338, 1648, 1201, NULL, 'png', 1903666604296863745, '2025-10-24 23:54:46', '2025-10-24 23:54:46', '2025-10-30 14:52:04', 1, 1, '管理员自动过审', 1903666604296863745, '2025-10-24 23:54:46', NULL, NULL, NULL, NULL, 0, 0, 0, 0, 0, 0, 0, 0, 0.0000);
INSERT INTO `picture` VALUES (1981751521355870210, '/images/public/1903666604296863745/2025-10-24_YPipCsOVOB4dEjff.jpg', '2025-09-13_ibaBRkbY8sB7xVGz.jpg', NULL, NULL, NULL, 212572, 580, 847, NULL, 'jpg', 1903666604296863745, '2025-10-24 23:55:56', '2025-10-24 23:55:56', '2025-10-30 14:52:04', 1, 1, '管理员自动过审', 1903666604296863745, '2025-10-24 23:55:57', NULL, NULL, NULL, NULL, 0, 0, 0, 0, 0, 0, 0, 0, 0.0000);
INSERT INTO `picture` VALUES (1981751627484344321, '/images/public/1903666604296863745/2025-10-24_EutVenNJY0scQEGO.png', '2025-04-12_laix0V0vobKwRnOA.png', NULL, NULL, NULL, 4195646, 2560, 1600, NULL, 'png', 1903666604296863745, '2025-10-24 23:56:21', '2025-10-24 23:56:21', '2025-10-30 14:52:04', 1, 1, '管理员自动过审', 1903666604296863745, '2025-10-24 23:56:22', NULL, NULL, NULL, NULL, 0, 0, 0, 0, 0, 0, 0, 0, 0.0000);
INSERT INTO `picture` VALUES (1981752064463712258, '/images/public/1903666604296863745/2025-10-24_eZICgHCFC5XynJWA.png', 'Snipaste_2025-06-21_22-55-22.png', NULL, NULL, NULL, 3143832, 1429, 1164, NULL, 'png', 1903666604296863745, '2025-10-24 23:58:06', '2025-10-24 23:58:06', '2025-10-30 14:52:04', 1, 1, '管理员自动过审', 1903666604296863745, '2025-10-24 23:58:06', NULL, NULL, NULL, NULL, 0, 0, 0, 0, 0, 0, 0, 0, 0.0000);
INSERT INTO `picture` VALUES (1981752106167676929, '/images/public/1903666604296863745/2025-10-24_CaK5c41wwBPM9KxE.jpg', '2d962b0b19d8bc3efb3601d9c48ba61ea8d345fb.jpg', NULL, NULL, NULL, 226296, 580, 435, NULL, 'jpg', 1903666604296863745, '2025-10-24 23:58:15', '2025-10-24 23:58:15', '2025-10-30 14:52:04', 1, 1, '管理员自动过审', 1903666604296863745, '2025-10-24 23:58:16', NULL, NULL, NULL, NULL, 0, 0, 0, 0, 0, 0, 0, 0, 0.0000);
INSERT INTO `picture` VALUES (1981752169753325569, '/images/public/1903666604296863745/2025-10-24_SBGBUgI7BvbOQxaV.png', 'Snipaste_2025-06-21_22-52-59.png', NULL, NULL, NULL, 1740252, 981, 1167, NULL, 'png', 1903666604296863745, '2025-10-24 23:58:31', '2025-10-24 23:58:31', '2025-10-30 14:52:04', 1, 1, '管理员自动过审', 1903666604296863745, '2025-10-24 23:58:31', NULL, NULL, NULL, NULL, 0, 0, 0, 0, 0, 0, 0, 0, 0.0000);
INSERT INTO `picture` VALUES (1981752381616009217, '/images/public/1903666604296863745/2025-10-24_s3Ml1D5DHy7aBsSD.png', 'replicate-prediction-hguvnnzbgtelqssb6ns32baujy.png', NULL, NULL, NULL, 2270927, 1580, 1580, NULL, 'png', 1903666604296863745, '2025-10-24 23:59:21', '2025-10-24 23:59:21', '2025-10-30 14:52:04', 1, 1, '管理员自动过审', 1903666604296863745, '2025-10-24 23:59:22', NULL, NULL, NULL, NULL, 0, 0, 0, 0, 0, 0, 0, 0, 0.0000);
INSERT INTO `picture` VALUES (1981752557881634817, '/images/public/1903666604296863745/2025-10-25_0svWdA24Qq0HatGf.png', 'Snipaste_2025-10-12_22-47-35.png', NULL, NULL, NULL, 844570, 807, 1197, NULL, 'png', 1903666604296863745, '2025-10-25 00:00:03', '2025-10-25 00:00:03', '2025-10-30 14:52:04', 1, 1, '管理员自动过审', 1903666604296863745, '2025-10-25 00:00:04', NULL, NULL, NULL, NULL, 0, 0, 0, 0, 0, 0, 0, 0, 0.0000);
INSERT INTO `picture` VALUES (1981752631848185858, '/images/public/1903666604296863745/2025-10-25_W4U2n0CmttJR5XjL.jpg', '1bcf4213904ea7169cc3e2b85a9b481c.jpg', NULL, NULL, NULL, 107635, 736, 1308, NULL, 'jpg', 1903666604296863745, '2025-10-25 00:00:21', '2025-10-25 00:00:21', '2025-10-30 14:52:04', 1, 1, '管理员自动过审', 1903666604296863745, '2025-10-25 00:00:21', NULL, NULL, NULL, NULL, 0, 0, 0, 0, 0, 0, 0, 0, 0.0000);
INSERT INTO `picture` VALUES (1981752731970416641, '/images/public/1903666604296863745/2025-10-25_TE104d2ajJrfd8Gz.png', '2025-04-12_BlT5klmFIaAiBBBI.png', NULL, NULL, NULL, 4661628, 2542, 1600, NULL, 'png', 1903666604296863745, '2025-10-25 00:00:45', '2025-10-25 00:00:45', '2025-10-30 14:51:58', 1, 1, '管理员自动过审', 1903666604296863745, '2025-10-25 00:00:45', NULL, NULL, NULL, NULL, 0, 0, 0, 0, 0, 0, 0, 0, 0.0000);
INSERT INTO `picture` VALUES (1981752927752138753, '/images/public/1903666604296863745/2025-10-25_uMl3qkjPldXiqGyM.jpg', 'b6974b7736094a8752fd82b96de516361506c9bf.jpg', NULL, NULL, NULL, 54863, 1036, 647, NULL, 'jpg', 1903666604296863745, '2025-10-25 00:01:31', '2025-10-25 00:01:31', '2025-10-30 14:51:58', 1, 1, '管理员自动过审', 1903666604296863745, '2025-10-25 00:01:32', NULL, NULL, NULL, NULL, 0, 0, 0, 0, 0, 0, 0, 0, 0.0000);
INSERT INTO `picture` VALUES (1981753240215203842, '/images/public/1903666604296863745/2025-10-25_PxfK2jE3jUffL9bO.png', 'Snipaste_2025-10-16_17-28-52.png', NULL, NULL, NULL, 2013091, 2560, 1600, NULL, 'png', 1903666604296863745, '2025-10-25 00:02:46', '2025-10-25 00:02:46', '2025-10-30 14:51:58', 1, 1, '管理员自动过审', 1903666604296863745, '2025-10-25 00:02:46', NULL, NULL, NULL, NULL, 0, 0, 0, 0, 0, 0, 0, 0, 0.0000);
INSERT INTO `picture` VALUES (1981753376446197762, '/images/public/1903666604296863745/2025-10-25_799lt07sPIeYXdf0.jpg', '9a6cd200baa1cd1127878134ff12c8fcc3ce2d25.jpg', NULL, NULL, NULL, 118278, 580, 507, NULL, 'jpg', 1903666604296863745, '2025-10-25 00:03:18', '2025-10-25 00:03:18', '2025-10-30 14:51:58', 1, 1, '管理员自动过审', 1903666604296863745, '2025-10-25 00:03:19', NULL, NULL, NULL, NULL, 0, 0, 0, 0, 0, 0, 0, 0, 0.0000);
INSERT INTO `picture` VALUES (1981753377155035138, '/images/public/1903666604296863745/2025-10-25_kAJt1hN5pw8yjyW8.png', 'Snipaste_2025-10-17_21-54-13.png', NULL, NULL, NULL, 507436, 2560, 1600, NULL, 'png', 1903666604296863745, '2025-10-25 00:03:18', '2025-10-25 00:03:18', '2025-10-30 14:51:58', 1, 1, '管理员自动过审', 1903666604296863745, '2025-10-25 00:03:19', NULL, NULL, NULL, NULL, 0, 0, 0, 0, 0, 0, 0, 0, 0.0000);
INSERT INTO `picture` VALUES (1981753377863872513, '/images/public/1903666604296863745/2025-10-25_9CZh6Pmamf79M3LC.png', 'Snipaste_2025-08-05_00-37-26.png', NULL, NULL, NULL, 313005, 2560, 1600, NULL, 'png', 1903666604296863745, '2025-10-25 00:03:19', '2025-10-25 00:03:19', '2025-10-25 15:05:31', 1, 1, '管理员自动过审', 1903666604296863745, '2025-10-25 00:03:19', NULL, NULL, NULL, NULL, 0, 0, 0, 0, 0, 0, 0, 0, 0.0000);
INSERT INTO `picture` VALUES (1981753615978704897, '/images/public/1903666604296863745/2025-10-25_w0ENOdGNg1bNMMfT.jpg', '7c7afefab2fb43160999ed5566a4462309f7d330.jpg', NULL, NULL, NULL, 59217, 330, 325, NULL, 'jpg', 1903666604296863745, '2025-10-25 00:04:15', '2025-10-25 00:04:15', '2025-10-25 15:05:22', 1, 1, '管理员自动过审', 1903666604296863745, '2025-10-25 00:04:16', NULL, NULL, NULL, NULL, 0, 0, 0, 0, 0, 0, 0, 0, 0.0000);
INSERT INTO `picture` VALUES (1982004858626007041, '/images/space/1982004817127563266/2025-10-25_n3wP1PhTzFxMo8B7.jpg', '微信图片_20250919231615_2_2.jpg', NULL, NULL, NULL, 140610, 1024, 970, NULL, 'jpg', 1903666604296863745, '2025-10-25 16:42:36', '2025-10-25 16:42:39', '2025-10-25 17:26:28', 1, 1, '管理员自动过审', 1903666604296863745, '2025-10-25 16:42:37', NULL, 1982004817127563266, NULL, NULL, 0, 0, 0, 0, 0, 0, 0, 0, 0.0000);
INSERT INTO `picture` VALUES (1982006124999630850, '/images/space/1982004817127563266/2025-10-25_PXVQIietQQpGPWb7.png', 'Snipaste_2025-09-25_13-04-29.png', NULL, NULL, NULL, 1222803, 1604, 907, NULL, 'png', 1903666604296863745, '2025-10-25 16:47:38', '2025-10-25 16:47:38', '2025-10-25 17:26:28', 1, 1, '管理员自动过审', 1903666604296863745, '2025-10-25 16:47:39', NULL, 1982004817127563266, NULL, 1971504643112562689, 0, 0, 0, 0, 0, 0, 0, 0, 0.0000);
INSERT INTO `picture` VALUES (1982006125649747969, '/images/space/1982004817127563266/2025-10-25_yB81mZ4ANk2lLsdS.jpg', '638f2e80960665b44af3eb2eed30cef1.jpg', NULL, NULL, NULL, 46052, 640, 640, NULL, 'jpg', 1903666604296863745, '2025-10-25 16:47:38', '2025-10-25 16:47:38', '2025-10-25 17:26:28', 1, 1, '管理员自动过审', 1903666604296863745, '2025-10-25 16:47:39', NULL, 1982004817127563266, NULL, 1971504643112562689, 0, 0, 0, 0, 0, 0, 0, 0, 0.0000);
INSERT INTO `picture` VALUES (1982006190011342849, '/images/space/1982004817127563266/2025-10-25_puTDsib1XZu7Il8i.png', 'Snipaste_2025-10-08_21-42-24.png', NULL, NULL, NULL, 1220338, 1648, 1201, NULL, 'png', 1903666604296863745, '2025-10-25 16:47:54', '2025-10-25 16:47:55', '2025-10-25 17:26:28', 1, 1, '管理员自动过审', 1903666604296863745, '2025-10-25 16:47:54', NULL, 1982004817127563266, NULL, NULL, 0, 0, 0, 0, 0, 0, 0, 0, 0.0000);
INSERT INTO `picture` VALUES (1982010435162890241, '/images/public/1903666604296863745/2025-10-25_t1MT4uRtT6jg5v7R.png', 'Snipaste_2025-09-25_13-04-29.png', NULL, NULL, NULL, 1222803, 1604, 907, NULL, 'png', 1903666604296863745, '2025-10-25 17:04:46', '2025-10-25 17:04:46', '2025-10-30 14:51:58', 1, 1, '管理员自动过审', 1903666604296863745, '2025-10-25 17:04:46', NULL, NULL, NULL, NULL, 0, 0, 0, 0, 0, 0, 0, 0, 0.0000);
INSERT INTO `picture` VALUES (1982010435624263681, '/images/public/1903666604296863745/2025-10-25_cnR5ql3UnLGuNjlb.jpg', '638f2e80960665b44af3eb2eed30cef1.jpg', NULL, NULL, NULL, 46052, 640, 640, NULL, 'jpg', 1903666604296863745, '2025-10-25 17:04:46', '2025-10-25 17:04:46', '2025-10-30 14:51:58', 1, 1, '管理员自动过审', 1903666604296863745, '2025-10-25 17:04:46', NULL, NULL, NULL, NULL, 0, 0, 0, 0, 0, 0, 0, 0, 0.0000);
INSERT INTO `picture` VALUES (1982011136152723458, '/images/space/1982004817127563266/2025-10-25_ZvGJ6Moz503Q4U8E.jpg', '微信图片_20250919231614_1_2.jpg', NULL, NULL, NULL, 8785, 145, 286, NULL, 'jpg', 1903666604296863745, '2025-10-25 17:07:33', '2025-10-25 17:07:35', '2025-10-25 17:26:28', 1, 1, '管理员自动过审', 1903666604296863745, '2025-10-25 17:07:33', NULL, 1982004817127563266, NULL, NULL, 0, 0, 0, 0, 0, 0, 0, 0, 0.0000);
INSERT INTO `picture` VALUES (1982011200078110721, '/images/public/1903666604296863745/2025-10-25_pbIrreGnoMDPIjB7.jpg', '微信图片_20250919231614_1_2.jpg', NULL, NULL, NULL, 8785, 145, 286, NULL, 'jpg', 1903666604296863745, '2025-10-25 17:07:48', '2025-10-25 17:07:50', '2025-10-30 14:51:58', 1, 1, '管理员自动过审', 1903666604296863745, '2025-10-25 17:07:49', NULL, NULL, NULL, NULL, 0, 0, 0, 0, 0, 0, 0, 0, 0.0000);
INSERT INTO `picture` VALUES (1982011299990626306, '/images/space/1982004817127563266/2025-10-25_2oJNZtGjyBCFJ6As.png', 'Snipaste_2025-09-25_13-04-29.png', NULL, NULL, NULL, 1222803, 1604, 907, NULL, 'png', 1903666604296863745, '2025-10-25 17:08:12', '2025-10-25 17:08:12', '2025-10-25 17:26:28', 1, 1, '管理员自动过审', 1903666604296863745, '2025-10-25 17:08:13', NULL, 1982004817127563266, NULL, 1971504643112562689, 0, 0, 0, 0, 0, 0, 0, 0, 0.0000);
INSERT INTO `picture` VALUES (1982011300380696578, '/images/space/1982004817127563266/2025-10-25_LnXiJn95oIBtglPz.jpg', '638f2e80960665b44af3eb2eed30cef1.jpg', NULL, NULL, NULL, 46052, 640, 640, NULL, 'jpg', 1903666604296863745, '2025-10-25 17:08:12', '2025-10-25 17:08:12', '2025-10-25 17:26:28', 1, 1, '管理员自动过审', 1903666604296863745, '2025-10-25 17:08:13', NULL, 1982004817127563266, NULL, 1971504643112562689, 0, 0, 0, 0, 0, 0, 0, 0, 0.0000);
INSERT INTO `picture` VALUES (1982011360707371010, '/images/public/1903666604296863745/2025-10-25_nOjfwerWdFTdLXl5.png', '2025-10-05_GRgYKp1k0Dr4O32d.png', NULL, NULL, '原神', 401868, 1488, 1753, NULL, 'png', 1903666604296863745, '2025-10-25 17:08:27', '2025-10-25 17:08:27', '2025-10-30 14:51:58', 1, 1, '管理员自动过审', 1903666604296863745, '2025-10-25 17:08:27', NULL, NULL, NULL, NULL, 0, 0, 0, 0, 0, 0, 0, 0, 0.0000);
INSERT INTO `picture` VALUES (1982011366587785217, '/images/public/1903666604296863745/2025-10-25_duh7TwIAWsvxerLm.jpg', '2025-09-13_Wm918QgkO11ynCyy.jpg', NULL, NULL, '原神', 746885, 3342, 1411, NULL, 'jpg', 1903666604296863745, '2025-10-25 17:08:28', '2025-10-25 17:08:28', '2025-10-30 14:51:58', 1, 1, '管理员自动过审', 1903666604296863745, '2025-10-25 17:08:28', NULL, NULL, NULL, NULL, 0, 0, 0, 0, 0, 0, 0, 0, 0.0000);
INSERT INTO `picture` VALUES (1982011448078917633, '/images/public/1903666604296863745/2025-10-25_yn08FO00KiNQtI92.jpg', '微信图片_20250919231616_3_2.jpg', NULL, NULL, NULL, 69856, 1106, 1067, NULL, 'jpg', 1903666604296863745, '2025-10-25 17:08:47', '2025-10-27 11:36:44', '2025-10-30 14:05:21', 1, 1, '管理员自动过审', 1903666604296863745, '2025-10-25 17:08:48', NULL, NULL, NULL, NULL, 0, 0, 0, 0, 0, 0, 0, 0, 0.0000);
INSERT INTO `picture` VALUES (1982016087360823298, '/images/space/1982016020667195393/2025-10-25_FP2fxz3jsmgvkbN4.jpg', '微信图片_20250919231616_3_2.jpg', NULL, NULL, NULL, 69856, 1106, 1067, NULL, 'jpg', 1903666604296863745, '2025-10-25 17:27:13', '2025-10-25 17:27:13', '2025-10-25 17:27:44', 1, 1, '管理员自动过审', 1903666604296863745, '2025-10-25 17:27:14', NULL, 1982016020667195393, NULL, 1971504643112562689, 0, 0, 0, 0, 0, 0, 0, 0, 0.0000);
INSERT INTO `picture` VALUES (1982016089365700609, '/images/space/1982016020667195393/2025-10-25_qoxZaoQD5TWhMwDn.png', '2025-04-12_laix0V0vobKwRnOA.png', NULL, NULL, NULL, 4195646, 2560, 1600, NULL, 'png', 1903666604296863745, '2025-10-25 17:27:14', '2025-10-25 17:27:14', '2025-10-25 17:27:44', 1, 1, '管理员自动过审', 1903666604296863745, '2025-10-25 17:27:14', NULL, 1982016020667195393, NULL, 1971504643112562689, 0, 0, 0, 0, 0, 0, 0, 0, 0.0000);
INSERT INTO `picture` VALUES (1982016317762330626, '/images/space/1982016288494477313/2025-10-25_R1raArxP3QPWUdiu.png', 'Snipaste_2025-09-29_23-55-42.png', NULL, NULL, NULL, 1123297, 801, 808, NULL, 'png', 1903666604296863745, '2025-10-25 17:28:08', '2025-10-25 17:28:11', '2025-10-25 17:28:48', 1, 1, '管理员自动过审', 1903666604296863745, '2025-10-25 17:28:09', NULL, 1982016288494477313, NULL, NULL, 0, 0, 0, 0, 0, 0, 0, 0, 0.0000);
INSERT INTO `picture` VALUES (1982638097946423298, '/images/space/1982629315577163777/2025-10-27_lI1BILZ1a7TmqMzg.jpg', '580cfc159dea9554bbfca775a59b2d2b.jpg', NULL, NULL, '克洛琳德,原神,jk', 85875, 736, 1103, NULL, 'jpg', 1903666604296863745, '2025-10-27 10:38:52', '2025-10-27 10:39:14', '2025-10-27 12:23:59', 1, 1, '管理员自动过审', 1903666604296863745, '2025-10-27 10:38:53', NULL, 1982629315577163777, NULL, 1970882133400526850, 0, 0, 0, 0, 0, 0, 0, 0, 0.0000);
INSERT INTO `picture` VALUES (1982689343101214721, '/images/space/1982664567716687874/2025-10-27_rQxBADTqklI4o2DS.jpg', '微信图片_20250919231616_3_2.jpg', NULL, NULL, '克洛琳德', 69856, 1106, 1067, NULL, 'jpg', 1903666604296863745, '2025-10-27 14:02:30', '2025-10-27 15:18:05', '2025-10-27 15:37:57', 1, 1, '管理员自动过审', 1903666604296863745, '2025-10-27 14:02:31', NULL, 1982664567716687874, NULL, 1971879215594758146, 0, 0, 0, 0, 0, 0, 0, 0, 0.0000);
INSERT INTO `picture` VALUES (1982691597518643202, '/images/space/1982664567716687874/2025-10-27_WZLBKSJA8hKL3lkD.png', 'Snipaste_2025-10-26_17-19-59.png', NULL, NULL, NULL, 3314620, 2555, 1440, NULL, 'png', 1903666604296863745, '2025-10-27 14:11:28', '2025-10-27 14:58:18', '2025-10-27 15:35:41', 1, 1, '管理员自动过审', 1903666604296863745, '2025-10-27 14:11:28', NULL, 1982664567716687874, NULL, 1970882133400526850, 0, 0, 0, 0, 0, 0, 0, 0, 0.0000);
INSERT INTO `picture` VALUES (1982691598160371714, '/images/space/1982664567716687874/2025-10-27_U5Nb0GAHrwQGmIoE.png', 'Snipaste_2025-10-08_21-42-24.png', NULL, NULL, 'java', 1220338, 1648, 1201, NULL, 'png', 1903666604296863745, '2025-10-27 14:11:28', '2025-10-27 15:18:16', '2025-10-27 15:36:00', 1, 1, '管理员自动过审', 1903666604296863745, '2025-10-27 14:11:28', NULL, 1982664567716687874, NULL, NULL, 0, 0, 0, 0, 0, 0, 0, 0, 0.0000);
INSERT INTO `picture` VALUES (1983033111230840833, '/images/space/1982664609391292418/2025-10-28_Xvj5QnI6RqetRg4t.png', 'yong', '123', NULL, 'lol', 1123297, 801, 808, NULL, 'png', 1969390175700176897, '2025-10-28 12:48:31', '2025-10-28 12:48:50', '2025-10-28 12:49:46', 1, 0, NULL, NULL, NULL, NULL, 1982664609391292418, NULL, 1975444793634848770, 0, 0, 0, 0, 0, 0, 0, 0, 0.0000);
INSERT INTO `picture` VALUES (1983792584803340290, '/images/space/1982664609391292418/2025-10-30_3kr6Rx4Q7WQimOWt.png', 'Snipaste_2025-10-26_17-19-59.png', NULL, NULL, NULL, 3314620, 2555, 1440, NULL, 'png', 1903666604296863745, '2025-10-30 15:06:23', '2025-10-30 15:06:23', '2025-10-30 15:06:46', 1, 1, '管理员自动过审', 1903666604296863745, '2025-10-30 15:06:24', NULL, 1982664609391292418, NULL, 1975444793634848770, 0, 0, 0, 0, 0, 0, 0, 0, 0.0000);
INSERT INTO `picture` VALUES (1983792585298268161, '/images/space/1982664609391292418/2025-10-30_X4m23F4M1wVVrPAf.png', '2025-10-28 130358.png', NULL, NULL, NULL, 1515479, 801, 808, NULL, 'png', 1903666604296863745, '2025-10-30 15:06:24', '2025-10-30 15:06:24', '2025-10-30 15:06:46', 1, 1, '管理员自动过审', 1903666604296863745, '2025-10-30 15:06:24', NULL, 1982664609391292418, NULL, 1975444793634848770, 0, 0, 0, 0, 0, 0, 0, 0, 0.0000);
INSERT INTO `picture` VALUES (1983792586011299841, '/images/space/1982664609391292418/2025-10-30_fw3ZOwy7KVIg6pNc.png', 'Snipaste_2025-10-08_21-42-24.png', NULL, NULL, NULL, 1220338, 1648, 1201, NULL, 'png', 1903666604296863745, '2025-10-30 15:06:24', '2025-10-30 15:06:24', '2025-10-30 15:06:46', 1, 1, '管理员自动过审', 1903666604296863745, '2025-10-30 15:06:24', NULL, 1982664609391292418, NULL, 1975444793634848770, 0, 0, 0, 0, 0, 0, 0, 0, 0.0000);
INSERT INTO `picture` VALUES (1983805432199761922, '/images/public/1903666604296863745/2025-10-30_NY0TmydCA54YsIP1.png', 'Snipaste_2025-09-29_23-55-42.png', NULL, NULL, NULL, 1123297, 801, 808, NULL, 'png', 1903666604296863745, '2025-10-30 15:57:27', '2025-10-30 15:57:27', '2025-10-30 15:57:32', 0, 1, '管理员自动过审', 1903666604296863745, '2025-10-30 15:57:27', NULL, NULL, NULL, 1971879215594758146, 0, 0, 0, 0, 0, 0, 0, 0, 0.0000);
INSERT INTO `picture` VALUES (1983805433751654401, '/images/public/1903666604296863745/2025-10-30_RsZl6UVcu951V2CH.png', 'Snipaste_2025-09-30_00-17-49.png', NULL, NULL, NULL, 766774, 2549, 1431, NULL, 'png', 1903666604296863745, '2025-10-30 15:57:27', '2025-10-30 15:57:27', '2025-10-30 15:57:32', 0, 1, '管理员自动过审', 1903666604296863745, '2025-10-30 15:57:27', NULL, NULL, NULL, 1971879215594758146, 0, 0, 0, 0, 0, 0, 0, 0, 0.0000);
INSERT INTO `picture` VALUES (1983805434678595585, '/images/public/1903666604296863745/2025-10-30_9q7NSYrHDSsImzW0.png', '2025-09-18_FpM3NTt5EYeeyI8V.png', NULL, NULL, NULL, 1387133, 1143, 1134, NULL, 'png', 1903666604296863745, '2025-10-30 15:57:27', '2025-10-30 15:57:27', '2025-10-30 15:57:32', 0, 1, '管理员自动过审', 1903666604296863745, '2025-10-30 15:57:28', NULL, NULL, NULL, 1971879215594758146, 0, 0, 0, 0, 0, 0, 0, 0, 0.0000);
INSERT INTO `picture` VALUES (1983805435911720961, '/images/public/1903666604296863745/2025-10-30_nYUEk8PKpPcsVjwB.png', 'Snipaste_2025-09-25_13-04-29.png', NULL, NULL, NULL, 1222803, 1604, 907, NULL, 'png', 1903666604296863745, '2025-10-30 15:57:27', '2025-10-30 15:57:27', '2025-10-30 15:57:32', 0, 1, '管理员自动过审', 1903666604296863745, '2025-10-30 15:57:28', NULL, NULL, NULL, 1971879215594758146, 0, 0, 0, 0, 0, 0, 0, 0, 0.0000);
INSERT INTO `picture` VALUES (1983805436897382401, '/images/public/1903666604296863745/2025-10-30_MDqWDFM9qtYQ1gWq.jpg', '638f2e80960665b44af3eb2eed30cef1.jpg', NULL, NULL, NULL, 46052, 640, 640, NULL, 'jpg', 1903666604296863745, '2025-10-30 15:57:28', '2025-10-30 15:57:28', '2025-10-30 15:57:32', 0, 1, '管理员自动过审', 1903666604296863745, '2025-10-30 15:57:28', NULL, NULL, NULL, 1971879215594758146, 0, 0, 0, 0, 0, 0, 0, 0, 0.0000);

-- ----------------------------
-- Table structure for picture_interaction
-- ----------------------------
DROP TABLE IF EXISTS `picture_interaction`;
CREATE TABLE `picture_interaction`  (
  `userId` bigint NOT NULL COMMENT '用户 ID',
  `pictureId` bigint NOT NULL COMMENT '图片 ID',
  `interactionType` tinyint NOT NULL COMMENT '交互类型（0-点赞, 1-收藏）',
  `interactionStatus` tinyint NOT NULL COMMENT '交互状态（0-存在, 1-取消）',
  `isDelete` tinyint NOT NULL DEFAULT 0 COMMENT '是否删除（0-正常, 1-删除）',
  `editTime` datetime NOT NULL DEFAULT CURRENT_TIMESTAMP COMMENT '编辑时间',
  `createTime` datetime NOT NULL DEFAULT CURRENT_TIMESTAMP COMMENT '创建时间',
  `updateTime` datetime NOT NULL DEFAULT CURRENT_TIMESTAMP ON UPDATE CURRENT_TIMESTAMP COMMENT '更新时间',
  PRIMARY KEY (`userId`, `pictureId`, `interactionType`) USING BTREE
) ENGINE = InnoDB CHARACTER SET = utf8mb4 COLLATE = utf8mb4_unicode_ci COMMENT = '图片交互表' ROW_FORMAT = Dynamic;

-- ----------------------------
-- Records of picture_interaction
-- ----------------------------
INSERT INTO `picture_interaction` VALUES (1903666604296863745, 1981743211261046786, 1, 0, 1, '2025-10-24 23:23:10', '2025-10-24 23:23:10', '2025-10-24 23:23:32');
INSERT INTO `picture_interaction` VALUES (1903666604296863745, 1981743211323961346, 1, 0, 1, '2025-10-24 23:23:13', '2025-10-24 23:23:13', '2025-10-24 23:23:32');
INSERT INTO `picture_interaction` VALUES (1903666604296863745, 1981743211386875906, 1, 0, 1, '2025-10-24 23:23:23', '2025-10-24 23:23:23', '2025-10-24 23:23:32');
INSERT INTO `picture_interaction` VALUES (1903666604296863745, 1981743211588202497, 1, 0, 1, '2025-10-24 23:23:26', '2025-10-24 23:23:26', '2025-10-24 23:23:32');
INSERT INTO `picture_interaction` VALUES (1903666604296863745, 1981753377863872513, 0, 0, 1, '2025-10-25 15:05:29', '2025-10-25 15:05:29', '2025-10-25 15:05:31');
INSERT INTO `picture_interaction` VALUES (1903666604296863745, 1981753615978704897, 0, 0, 1, '2025-10-25 15:05:20', '2025-10-25 15:05:20', '2025-10-25 15:05:22');
INSERT INTO `picture_interaction` VALUES (1903666604296863745, 1981753615978704897, 1, 0, 1, '2025-10-25 15:05:19', '2025-10-25 15:05:19', '2025-10-25 15:05:22');
INSERT INTO `picture_interaction` VALUES (1903666604296863745, 1982011299990626306, 0, 0, 1, '2025-10-25 17:09:24', '2025-10-25 17:09:24', '2025-10-25 17:26:28');
INSERT INTO `picture_interaction` VALUES (1903666604296863745, 1982011299990626306, 1, 0, 1, '2025-10-25 17:09:23', '2025-10-25 17:09:23', '2025-10-25 17:26:28');
INSERT INTO `picture_interaction` VALUES (1903666604296863745, 1982016317762330626, 0, 0, 1, '2025-10-25 17:28:38', '2025-10-25 17:28:38', '2025-10-25 17:28:48');
INSERT INTO `picture_interaction` VALUES (1903666604296863745, 1982016317762330626, 1, 0, 1, '2025-10-25 17:28:39', '2025-10-25 17:28:39', '2025-10-25 17:28:48');
INSERT INTO `picture_interaction` VALUES (1969390175700176897, 1982011448078917633, 0, 0, 1, '2025-10-25 23:06:35', '2025-10-25 23:06:35', '2025-10-30 14:05:21');
INSERT INTO `picture_interaction` VALUES (1969390175700176897, 1982011448078917633, 1, 0, 1, '2025-10-25 23:06:35', '2025-10-25 23:06:35', '2025-10-30 14:05:21');

-- ----------------------------
-- Table structure for scheduled_task
-- ----------------------------
DROP TABLE IF EXISTS `scheduled_task`;
CREATE TABLE `scheduled_task`  (
  `id` bigint UNSIGNED NOT NULL AUTO_INCREMENT COMMENT '主键ID',
  `taskKey` varchar(255) CHARACTER SET utf8mb4 COLLATE utf8mb4_unicode_ci NOT NULL COMMENT '任务 KEY（存在内存中）',
  `taskName` varchar(255) CHARACTER SET utf8mb4 COLLATE utf8mb4_unicode_ci NOT NULL COMMENT '任务名称',
  `taskCron` varchar(255) CHARACTER SET utf8mb4 COLLATE utf8mb4_unicode_ci NOT NULL COMMENT '任务 corn 表达式',
  `taskDesc` varchar(255) CHARACTER SET utf8mb4 COLLATE utf8mb4_unicode_ci NULL DEFAULT NULL COMMENT '任务描述',
  `taskBean` varchar(255) CHARACTER SET utf8mb4 COLLATE utf8mb4_unicode_ci NOT NULL COMMENT '任务 Bean 名称（执行任务的 bean）',
  `taskStatus` tinyint NOT NULL DEFAULT 0 COMMENT '任务状态（0-关闭, 1-开启）',
  `isDelete` tinyint NOT NULL DEFAULT 0 COMMENT '是否删除（0-正常, 1-删除）',
  `editTime` datetime NOT NULL DEFAULT CURRENT_TIMESTAMP COMMENT '编辑时间',
  `createTime` datetime NOT NULL DEFAULT CURRENT_TIMESTAMP COMMENT '创建时间',
  `updateTime` datetime NOT NULL DEFAULT CURRENT_TIMESTAMP ON UPDATE CURRENT_TIMESTAMP COMMENT '更新时间',
  PRIMARY KEY (`id`) USING BTREE
) ENGINE = InnoDB AUTO_INCREMENT = 3 CHARACTER SET = utf8mb4 COLLATE = utf8mb4_unicode_ci COMMENT = '定时任务表' ROW_FORMAT = Dynamic;

-- ----------------------------
-- Records of scheduled_task
-- ----------------------------
INSERT INTO `scheduled_task` VALUES (1, 'batchSyncInteractions', '同步交互数据到MySQL', '0 * * * * ?', '点赞、收藏、浏览量等', 'batchSyncInteractions', 0, 0, '2025-10-04 12:44:35', '2025-10-03 22:37:36', '2025-10-04 12:44:35');
INSERT INTO `scheduled_task` VALUES (2, 'checkAndUpdateExpiredVIPTask', 'VIP过期检查任务', '0 * * * * ?', '每天凌晨2点执行，检查并更新过期的VIP会员状态', 'checkAndUpdateExpiredVIPTask', 0, 0, '2025-10-22 17:01:24', '2025-10-21 19:29:25', '2025-10-22 17:01:24');

-- ----------------------------
-- Table structure for space
-- ----------------------------
DROP TABLE IF EXISTS `space`;
CREATE TABLE `space`  (
  `id` bigint NOT NULL AUTO_INCREMENT COMMENT 'id',
  `spaceName` varchar(128) CHARACTER SET utf8mb4 COLLATE utf8mb4_unicode_ci NULL DEFAULT NULL COMMENT '空间名称',
  `spaceLevel` int NULL DEFAULT 0 COMMENT '空间级别：0-普通版 1-专业版 2-旗舰版',
  `maxSize` bigint NULL DEFAULT 0 COMMENT '空间图片的最大总大小',
  `maxCount` bigint NULL DEFAULT 0 COMMENT '空间图片的最大数量',
  `totalSize` bigint NULL DEFAULT 0 COMMENT '当前空间下图片的总大小',
  `totalCount` bigint NULL DEFAULT 0 COMMENT '当前空间下的图片数量',
  `userId` bigint NOT NULL COMMENT '创建用户 id',
  `createTime` datetime NOT NULL DEFAULT CURRENT_TIMESTAMP COMMENT '创建时间',
  `editTime` datetime NOT NULL DEFAULT CURRENT_TIMESTAMP COMMENT '编辑时间',
  `updateTime` datetime NOT NULL DEFAULT CURRENT_TIMESTAMP ON UPDATE CURRENT_TIMESTAMP COMMENT '更新时间',
  `isDelete` tinyint NOT NULL DEFAULT 0 COMMENT '是否删除',
  `spaceType` int NOT NULL DEFAULT 0 COMMENT '空间类型：0-私有 1-团队',
  PRIMARY KEY (`id`) USING BTREE,
  INDEX `idx_userId`(`userId` ASC) USING BTREE,
  INDEX `idx_spaceName`(`spaceName` ASC) USING BTREE,
  INDEX `idx_spaceLevel`(`spaceLevel` ASC) USING BTREE,
  INDEX `idx_spaceType`(`spaceType` ASC) USING BTREE
) ENGINE = InnoDB AUTO_INCREMENT = 1982664609391292419 CHARACTER SET = utf8mb4 COLLATE = utf8mb4_unicode_ci COMMENT = '空间' ROW_FORMAT = DYNAMIC;

-- ----------------------------
-- Records of space
-- ----------------------------
INSERT INTO `space` VALUES (1981913605766926338, '啵啵', 1, 5242880000, 500, 0, 0, 1903666604296863745, '2025-10-25 10:40:00', '2025-10-25 10:40:00', '2025-10-25 16:42:20', 1, 0);
INSERT INTO `space` VALUES (1982004817127563266, '啵啵', 1, 5242880000, 500, 3907443, 7, 1903666604296863745, '2025-10-25 16:42:26', '2025-10-25 16:42:26', '2025-10-25 17:26:28', 1, 0);
INSERT INTO `space` VALUES (1982016020667195393, '啵啵', 1, 5242880000, 500, 4265502, 2, 1903666604296863745, '2025-10-25 17:26:58', '2025-10-25 17:26:58', '2025-10-25 17:27:44', 1, 0);
INSERT INTO `space` VALUES (1982016288494477313, '啵啵', 1, 5242880000, 500, 1123297, 1, 1903666604296863745, '2025-10-25 17:28:01', '2025-10-25 17:28:01', '2025-10-25 17:28:48', 1, 0);
INSERT INTO `space` VALUES (1982017248331587586, '啵啵', 1, 5242880000, 500, 0, 0, 1903666604296863745, '2025-10-25 17:31:50', '2025-10-25 17:31:50', '2025-10-25 19:55:15', 1, 0);
INSERT INTO `space` VALUES (1982053371867062273, '小熊软糖的专业空间', 1, 5242880000, 500, 0, 0, 1903666604296863745, '2025-10-25 19:55:23', '2025-10-25 19:55:23', '2025-10-27 10:03:53', 1, 0);
INSERT INTO `space` VALUES (1982055393353818114, '啵啵', 1, 5242880000, 500, 0, 0, 1903666604296863745, '2025-10-25 20:03:25', '2025-10-25 20:03:25', '2025-10-25 20:03:29', 1, 1);
INSERT INTO `space` VALUES (1982055444834705409, '啵啵', 1, 5242880000, 500, 0, 0, 1903666604296863745, '2025-10-25 20:03:37', '2025-10-25 20:03:37', '2025-10-25 23:16:16', 1, 1);
INSERT INTO `space` VALUES (1982101597575995393, '我淦！', 1, 5242880000, 500, 0, 0, 1969390175700176897, '2025-10-25 23:07:01', '2025-10-25 23:07:01', '2025-10-25 23:07:01', 0, 1);
INSERT INTO `space` VALUES (1982628665766227970, '小熊软糖', 1, 5242880000, 500, 0, 0, 1903666604296863745, '2025-10-27 10:01:24', '2025-10-27 10:01:24', '2025-10-27 10:13:35', 1, 1);
INSERT INTO `space` VALUES (1982629315577163777, '小熊软糖', 1, 5242880000, 500, 85875, 1, 1903666604296863745, '2025-10-27 10:03:58', '2025-10-27 10:03:58', '2025-10-27 12:23:59', 1, 0);
INSERT INTO `space` VALUES (1982638557059133442, '啵啵', 1, 5242880000, 500, 0, 0, 1903666604296863745, '2025-10-27 10:40:42', '2025-10-27 10:40:42', '2025-10-27 12:23:55', 1, 1);
INSERT INTO `space` VALUES (1982664567716687874, '小熊软糖', 1, 5242880000, 500, 0, 0, 1903666604296863745, '2025-10-27 12:24:03', '2025-10-27 12:24:03', '2025-10-27 15:37:57', 0, 0);
INSERT INTO `space` VALUES (1982664609391292418, '啵啵', 1, 5242880000, 500, 0, 0, 1903666604296863745, '2025-10-27 12:24:13', '2025-10-27 12:24:13', '2025-10-30 15:06:46', 0, 1);

-- ----------------------------
-- Table structure for space_user
-- ----------------------------
DROP TABLE IF EXISTS `space_user`;
CREATE TABLE `space_user`  (
  `id` bigint NOT NULL AUTO_INCREMENT COMMENT 'id',
  `spaceId` bigint NOT NULL COMMENT '空间 id',
  `userId` bigint NOT NULL COMMENT '用户 id',
  `spaceRole` varchar(128) CHARACTER SET utf8mb4 COLLATE utf8mb4_unicode_ci NULL DEFAULT 'viewer' COMMENT '空间角色：viewer/editor/admin',
  `createTime` datetime NOT NULL DEFAULT CURRENT_TIMESTAMP COMMENT '创建时间',
  `updateTime` datetime NOT NULL DEFAULT CURRENT_TIMESTAMP ON UPDATE CURRENT_TIMESTAMP COMMENT '更新时间',
  PRIMARY KEY (`id`) USING BTREE,
  UNIQUE INDEX `uk_spaceId_userId`(`spaceId` ASC, `userId` ASC) USING BTREE,
  INDEX `idx_spaceId`(`spaceId` ASC) USING BTREE,
  INDEX `idx_userId`(`userId` ASC) USING BTREE
) ENGINE = InnoDB AUTO_INCREMENT = 32 CHARACTER SET = utf8mb4 COLLATE = utf8mb4_unicode_ci COMMENT = '空间用户关联' ROW_FORMAT = DYNAMIC;

-- ----------------------------
-- Records of space_user
-- ----------------------------
INSERT INTO `space_user` VALUES (16, 1982101597575995393, 1969390175700176897, 'admin', '2025-10-25 23:07:01', '2025-10-25 23:07:01');
INSERT INTO `space_user` VALUES (20, 1982664609391292418, 1903666604296863745, 'admin', '2025-10-27 12:24:13', '2025-10-27 12:24:13');
INSERT INTO `space_user` VALUES (21, 1982664609391292418, 1969390175700176897, 'editor', '2025-10-28 12:47:52', '2025-10-28 12:48:13');

-- ----------------------------
-- Table structure for user
-- ----------------------------
DROP TABLE IF EXISTS `user`;
CREATE TABLE `user`  (
  `id` bigint NOT NULL AUTO_INCREMENT COMMENT 'id',
  `userAccount` varchar(256) CHARACTER SET utf8mb4 COLLATE utf8mb4_unicode_ci NOT NULL COMMENT '账号',
  `userPassword` varchar(512) CHARACTER SET utf8mb4 COLLATE utf8mb4_unicode_ci NOT NULL COMMENT '密码',
  `userName` varchar(256) CHARACTER SET utf8mb4 COLLATE utf8mb4_unicode_ci NULL DEFAULT NULL COMMENT '用户昵称',
  `userAvatar` varchar(1024) CHARACTER SET utf8mb4 COLLATE utf8mb4_unicode_ci NULL DEFAULT NULL COMMENT '用户头像',
  `userProfile` varchar(512) CHARACTER SET utf8mb4 COLLATE utf8mb4_unicode_ci NULL DEFAULT NULL COMMENT '用户简介',
  `userRole` varchar(256) CHARACTER SET utf8mb4 COLLATE utf8mb4_unicode_ci NOT NULL DEFAULT 'user' COMMENT '用户角色：user/admin',
  `editTime` datetime NOT NULL DEFAULT CURRENT_TIMESTAMP COMMENT '编辑时间',
  `createTime` datetime NOT NULL DEFAULT CURRENT_TIMESTAMP COMMENT '创建时间',
  `updateTime` datetime NOT NULL DEFAULT CURRENT_TIMESTAMP ON UPDATE CURRENT_TIMESTAMP COMMENT '更新时间',
  `isDelete` tinyint NOT NULL DEFAULT 0 COMMENT '是否删除',
  `userEmail` varchar(50) CHARACTER SET utf8mb4 COLLATE utf8mb4_unicode_ci NULL DEFAULT NULL,
  `userPhone` varchar(50) CHARACTER SET utf8mb4 COLLATE utf8mb4_unicode_ci NULL DEFAULT NULL COMMENT '用户手机号',
  `birthday` date NULL DEFAULT NULL COMMENT '出生日期',
  `vipNnumber` bigint NULL DEFAULT NULL COMMENT '会员编号',
  `vipExpireTime` datetime NULL DEFAULT NULL COMMENT '会员过期时间',
  `vipCode` varchar(20) CHARACTER SET utf8mb4 COLLATE utf8mb4_unicode_ci NULL DEFAULT NULL COMMENT '会员兑换码',
  `vipSign` tinyint(1) NULL DEFAULT 0 COMMENT '会员标识：0-非VIP, 1-VIP',
  `shareCode` varchar(20) CHARACTER SET utf8mb4 COLLATE utf8mb4_unicode_ci NULL DEFAULT NULL COMMENT '分享码',
  `inviteUserId` bigint NULL DEFAULT NULL COMMENT '邀请用户 ID',
  `isDisabled` tinyint NOT NULL DEFAULT 0 COMMENT '是否禁用（0-正常, 1-禁用）',
  `balance` tinyint NOT NULL DEFAULT 0 COMMENT '余额',
  PRIMARY KEY (`id`) USING BTREE,
  UNIQUE INDEX `uk_userAccount`(`userAccount` ASC) USING BTREE,
  UNIQUE INDEX `uk_userPhone`(`userPhone` ASC) USING BTREE,
  INDEX `idx_userName`(`userName` ASC) USING BTREE
) ENGINE = InnoDB AUTO_INCREMENT = 1983818792148414466 CHARACTER SET = utf8mb4 COLLATE = utf8mb4_unicode_ci COMMENT = '用户' ROW_FORMAT = DYNAMIC;

-- ----------------------------
-- Records of user
-- ----------------------------
INSERT INTO `user` VALUES (1903666604296863745, 'dobronx', '493283f5a41809ff6cebe84c9174309a', '永恩', '/images/avatar/1903666604296863745/2025-10-21_XX1bgZEp18V00WzO.png', '巴西自由搏击、综合格斗运动员、UFC前轻量级冠军', 'admin', '2025-03-23 12:34:21', '2025-03-23 12:34:21', '2025-10-21 18:49:55', 0, '2477654281@qq.com        ', '12312312321', '1989-10-17', NULL, NULL, NULL, NULL, NULL, NULL, 0, 0);
INSERT INTO `user` VALUES (1969390175700176897, 'labubu', '493283f5a41809ff6cebe84c9174309a', '克洛琳德', '/images/avatar/1969390175700176897/2025-10-12_T6VrhqIqQTFAWMmm.jpg', '上膛！', 'user', '2025-09-20 21:16:22', '2025-09-20 21:16:22', '2025-09-22 17:29:52', 0, '17455117154@qq.com', '12345678911', '2025-09-04', NULL, NULL, NULL, NULL, NULL, NULL, 0, 0);
INSERT INTO `user` VALUES (1983818792148414465, 'qwerdf', '493283f5a41809ff6cebe84c9174309a', '用户_Jj7HLx', NULL, '123131', 'user', '2025-10-30 16:50:32', '2025-10-30 16:50:32', '2025-10-30 16:58:10', 0, '2477654281@qq.com        ', '', '2025-10-06', NULL, NULL, NULL, 0, NULL, NULL, 0, 0);

-- ----------------------------
-- Table structure for vip_memberships
-- ----------------------------
DROP TABLE IF EXISTS `vip_memberships`;
CREATE TABLE `vip_memberships`  (
  `id` bigint NOT NULL AUTO_INCREMENT,
  `user_id` bigint NOT NULL,
  `is_vip` tinyint(1) NULL DEFAULT 0,
  `vip_start_date` timestamp NULL DEFAULT NULL,
  `vip_end_date` timestamp NULL DEFAULT NULL,
  `created_at` timestamp NULL DEFAULT CURRENT_TIMESTAMP,
  `updated_at` timestamp NULL DEFAULT CURRENT_TIMESTAMP ON UPDATE CURRENT_TIMESTAMP,
  PRIMARY KEY (`id`) USING BTREE
) ENGINE = InnoDB AUTO_INCREMENT = 3 CHARACTER SET = utf8mb4 COLLATE = utf8mb4_0900_ai_ci ROW_FORMAT = Dynamic;

-- ----------------------------
-- Records of vip_memberships
-- ----------------------------
INSERT INTO `vip_memberships` VALUES (1, 1903666604296863745, 1, '2025-10-21 19:41:50', '2026-03-20 19:41:50', '2025-10-21 14:15:29', '2025-10-28 12:46:18');
INSERT INTO `vip_memberships` VALUES (2, 1969390175700176897, 1, '2025-10-28 12:47:18', '2025-11-27 12:47:18', '2025-10-28 12:47:18', '2025-10-28 12:47:18');

-- ----------------------------
-- Table structure for vip_redemption_codes
-- ----------------------------
DROP TABLE IF EXISTS `vip_redemption_codes`;
CREATE TABLE `vip_redemption_codes`  (
  `id` bigint NOT NULL AUTO_INCREMENT COMMENT '主键',
  `code` varchar(64) CHARACTER SET utf8mb4 COLLATE utf8mb4_unicode_ci NOT NULL COMMENT '兑换码',
  `is_used` tinyint(1) NOT NULL DEFAULT 0 COMMENT '是否已使用',
  `user_id` bigint NULL DEFAULT NULL COMMENT '使用兑换码的用户ID',
  `created_at` datetime NOT NULL DEFAULT CURRENT_TIMESTAMP COMMENT '创建时间',
  `updated_at` datetime NOT NULL DEFAULT CURRENT_TIMESTAMP ON UPDATE CURRENT_TIMESTAMP COMMENT '更新时间',
  `used_at` datetime NULL DEFAULT NULL COMMENT '使用时间',
  PRIMARY KEY (`id`) USING BTREE,
  UNIQUE INDEX `uk_code`(`code` ASC) USING BTREE,
  INDEX `idx_user_id`(`user_id` ASC) USING BTREE
) ENGINE = InnoDB AUTO_INCREMENT = 12 CHARACTER SET = utf8mb4 COLLATE = utf8mb4_unicode_ci COMMENT = 'VIP兑换码' ROW_FORMAT = Dynamic;

-- ----------------------------
-- Records of vip_redemption_codes
-- ----------------------------
INSERT INTO `vip_redemption_codes` VALUES (7, 'VIP-20251020-M-Y0PRYV32RAXE3CMK-C4C602', 1, 1903666604296863745, '2025-10-20 14:57:01', '2025-10-21 14:15:29', '2025-10-21 14:15:29');
INSERT INTO `vip_redemption_codes` VALUES (8, 'VIP-20251021-Q-ZFO76RPU9SPPPIGW-9CFD0F', 1, 1903666604296863745, '2025-10-21 19:41:34', '2025-10-21 19:41:50', '2025-10-21 19:41:50');
INSERT INTO `vip_redemption_codes` VALUES (9, 'VIP-20251021-M-8O0KNQ3UAXPIA8S1-EC4DA7', 1, 1903666604296863745, '2025-10-21 19:42:22', '2025-10-21 19:42:29', '2025-10-21 19:42:29');
INSERT INTO `vip_redemption_codes` VALUES (10, 'VIP-20251028-M-XY2UJDNPCJ9EZKWT-A1EB60', 1, 1903666604296863745, '2025-10-28 12:46:09', '2025-10-28 12:46:18', '2025-10-28 12:46:18');
INSERT INTO `vip_redemption_codes` VALUES (11, 'VIP-20251028-M-4KBXZ7HBGMPRQL62-2C702A', 1, 1969390175700176897, '2025-10-28 12:47:06', '2025-10-28 12:47:18', '2025-10-28 12:47:18');

SET FOREIGN_KEY_CHECKS = 1;
